{"cameraMode":{"drawMode":0,"name":"Shaded","section":"Shading Mode"},"sceneLighting":true,"audioPlay":false,"sceneViewState":{"m_AlwaysRefresh":false,"showFog":true,"showSkybox":false,"showFlares":true,"showImageEffects":true,"showParticleSystems":true,"showVisualEffectGraphs":true,"m_FxEnabled":true},"in2DMode":false,"pivot":{"x":4.434659004211426,"y":2.265997886657715,"z":0.869064211845398},"rotation":{"x":0.02330608293414116,"y":0.9660212397575378,"z":-0.09390049427747727,"w":0.23977915942668916},"size":0.5124040246009827,"orthographic":false}