{"cameraMode":{"drawMode":0,"name":"Shaded","section":"Shading Mode"},"sceneLighting":true,"audioPlay":false,"sceneViewState":{"m_AlwaysRefresh":false,"showFog":true,"showSkybox":true,"showFlares":true,"showImageEffects":true,"showParticleSystems":true,"showVisualEffectGraphs":true,"m_FxEnabled":true},"in2DMode":false,"pivot":{"x":0.3154181241989136,"y":1.1546235084533692,"z":4.757754802703857},"rotation":{"x":0.01715919002890587,"y":0.699431300163269,"z":-0.016777237877249719,"w":0.7142831087112427},"size":0.3650227189064026,"orthographic":false}