{"cameraMode":{"drawMode":0,"name":"Shaded","section":"Shading Mode"},"sceneLighting":true,"audioPlay":false,"sceneViewState":{"m_AlwaysRefresh":false,"showFog":true,"showSkybox":true,"showFlares":true,"showImageEffects":true,"showParticleSystems":true,"showVisualEffectGraphs":true,"m_FxEnabled":true},"in2DMode":false,"pivot":{"x":38.02294158935547,"y":-0.12582015991210938,"z":-10.50000286102295},"rotation":{"x":0.04718794673681259,"y":0.7528176307678223,"z":-0.05429941788315773,"w":0.6543021202087402},"size":24.543245315551759,"orthographic":false}